{"info":{"_postman_id":"0376eeb8-c68b-467c-963f-8dd5cd7a2524","name":"Local Statistics","schema":"https://schema.getpostman.com/json/collection/v2.1.0/collection.json"},"item":[{"name":"Top 5 most expensive racks in the warehouse","id":"0abe6bad-084e-469d-b29a-2095309c653e","protocolProfileBehavior":{"disableBodyPruning":true},"request":{"method":"POST","header":[],"body":{"mode":"raw","raw":"{\"User_id\": 3}","options":{"raw":{"language":"json"}}},"url":{"raw":"{{baseurl}}/warehouse/2/rack/expensive","host":["{{baseurl}}"],"path":["warehouse","2","rack","expensive"]}},"response":[]},{"name":"Bottom 3 part's type/material in the warehouse","id":"a41b2869-c8d4-4bd6-82eb-a99fb65501c2","protocolProfileBehavior":{"disableBodyPruning":true},"request":{"method":"POST","header":[],"body":{"mode":"raw","raw":"{\"User_id\": 1}","options":{"raw":{"language":"json"}}},"url":{"raw":"{{baseurl}}/warehouse/1/rack/material","host":["{{baseurl}}"],"path":["warehouse","1","rack","material"]}},"response":[]},{"name":"Top 5 Racks with quantity under the 25% capacity threshold","id":"845a229e-7ee8-4482-9d93-96ed9044543b","protocolProfileBehavior":{"disableBodyPruning":true},"request":{"method":"POST","header":[],"body":{"mode":"raw","raw":"{\"User_id\": 1}","options":{"raw":{"language":"json"}}},"url":{"raw":"{{baseurl}}/warehouse/1/rack/lowstock","host":["{{baseurl}}"],"path":["warehouse","1","rack","lowstock"]}},"response":[]},{"name":"Warehouse's year profit","id":"2972bc4c-0362-4ae0-ba53-f99a3af8cc29","protocolProfileBehavior":{"disableBodyPruning":true},"request":{"method":"POST","header":[],"body":{"mode":"raw","raw":"{\"User_id\": 1}","options":{"raw":{"language":"json"}}},"url":{"raw":"{{baseurl}}/warehouse/1/profit","host":["{{baseurl}}"],"path":["warehouse","1","profit"]}},"response":[]},{"name":"Top 3 suppliers that supplied to the warehouse","id":"e6fdeec3-0ef1-4f76-a7d4-2e9c7fa59fd9","protocolProfileBehavior":{"disableBodyPruning":true},"request":{"method":"POST","header":[],"body":{"mode":"raw","raw":"{\"User_id\": 3}","options":{"raw":{"language":"json"}}},"url":{"raw":"{{baseurl}}/warehouse/2/transaction/suppliers","host":["{{baseurl}}"],"path":["warehouse","2","transaction","suppliers"]}},"response":[]},{"name":"Top 3 days with the smallest incoming transactions' cost","id":"e3336f15-b1d3-434c-856c-f96e06607e9c","protocolProfileBehavior":{"disableBodyPruning":true},"request":{"method":"POST","header":[],"body":{"mode":"raw","raw":"{\"User_id\": 3}","options":{"raw":{"language":"json"}}},"url":{"raw":"{{baseurl}}/warehouse/2/transaction/leastcost","host":["{{baseurl}}"],"path":["warehouse","2","transaction","leastcost"]}},"response":[]},{"name":"Top 3 Users that recieve the most exchanges","id":"6948eaae-0cf6-4ce7-9047-004bb1ef8841","protocolProfileBehavior":{"disableBodyPruning":true},"request":{"method":"POST","header":[],"body":{"mode":"raw","raw":"{\"User_id\": 2}","options":{"raw":{"language":"json"}}},"url":{"raw":"{{baseurl}}/warehouse/1/users/receivemost","host":["{{baseurl}}"],"path":["warehouse","1","users","receivemost"]}},"response":[]}]}