{"info":{"_postman_id":"307a847f-078f-4ca5-b467-c19d67724b92","name":"Transactions","schema":"https://schema.getpostman.com/json/collection/v2.1.0/collection.json"},"item":[{"name":"CREATE-incoming","id":"89b67eb0-bf28-47fb-ad03-644d805e77ea","protocolProfileBehavior":{"disableBodyPruning":true},"request":{"method":"POST","header":[{"key":"Content-Type","value":"application/json","type":"text"}],"body":{"mode":"raw","raw":"{\r\n    \"tquantity\":4,\r\n    \"pid\":3,\r\n    \"sid\":4,\r\n    \"uid\":9,\r\n    \"wid\":5\r\n}"},"url":{"raw":"{{baseurl}}/incoming","host":["{{baseurl}}"],"path":["incoming"]}},"response":[]},{"name":"DELETE incoming(should not be used)","id":"43bf3bef-f4b5-483c-abc2-7b112252d3f7","protocolProfileBehavior":{"disableBodyPruning":true},"request":{"method":"DELETE","header":[],"url":{"raw":"{{baseurl}}/incoming/1","host":["{{baseurl}}"],"path":["incoming","1"]}},"response":[]},{"name":"update incoming transaction","id":"b549b49e-cf98-40a1-bf5c-53daeb179582","protocolProfileBehavior":{"disableBodyPruning":true},"request":{"method":"PUT","header":[{"key":"Content-Type","value":"application/json","type":"text"}],"body":{"mode":"raw","raw":"{\r\n    \"tquantity\":5,\r\n    \"pid\":1,\r\n    \"sid\":13,\r\n    \"uid\":1,\r\n    \"wid\":1\r\n}"},"url":{"raw":"{{baseurl}}/incoming/1","host":["{{baseurl}}"],"path":["incoming","1"]}},"response":[]},{"name":"update outgoing request","id":"7b38d052-0e9e-40c9-8589-8cdf3f50d3cb","protocolProfileBehavior":{"disableBodyPruning":true},"request":{"method":"PUT","header":[{"key":"Content-Type","value":"application/json","type":"text"}],"body":{"mode":"raw","raw":"{\r\n    \"tquantity\":5,\r\n    \"pid\":8,\r\n    \"sid\":13,\r\n    \"uid\":10,\r\n    \"wid\":1,\r\n    \"obuyer\":\"jay cortez\"\r\n}"},"url":{"raw":"{{baseurl}}/outgoing/2","host":["{{baseurl}}"],"path":["outgoing","2"]}},"response":[]},{"name":"CREATE outgoing","id":"1a07df14-dc1f-4aba-a25e-c9df76428b80","protocolProfileBehavior":{"disableBodyPruning":true},"request":{"method":"POST","header":[],"body":{"mode":"raw","raw":"{\r\n    \"tquantity\":4,\r\n    \"obuyer\":\"Test\",\r\n    \"pid\":3,\r\n    \"uid\":1,\r\n    \"wid\":1\r\n}","options":{"raw":{"language":"json"}}},"url":{"raw":"{{baseurl}}/outgoing","host":["{{baseurl}}"],"path":["outgoing"]}},"response":[]},{"name":"READ outgoing","id":"8d3014b8-6f1f-4377-8864-d9ff42eb12a8","protocolProfileBehavior":{"disableBodyPruning":true},"request":{"method":"GET","header":[],"url":{"raw":"{{baseurl}}/outgoing","host":["{{baseurl}}"],"path":["outgoing"]}},"response":[]},{"name":"READ incoming","id":"f9333e37-d8f4-4d00-9756-72cdc3b3809c","protocolProfileBehavior":{"disableBodyPruning":true},"request":{"method":"GET","header":[],"url":{"raw":"{{baseurl}}/incoming","host":["{{baseurl}}"],"path":["incoming"]}},"response":[]},{"name":"READ incoming by id","id":"7758e53b-4985-4c81-9830-e5b4fde1b51d","protocolProfileBehavior":{"disableBodyPruning":true},"request":{"method":"GET","header":[],"url":{"raw":"{{baseurl}}/incoming/1","host":["{{baseurl}}"],"path":["incoming","1"]}},"response":[]},{"name":"READ outgoing by id","id":"2f51b31b-85c8-40a9-91d5-5e0bd91ad52a","protocolProfileBehavior":{"disableBodyPruning":true},"request":{"method":"GET","header":[],"url":{"raw":"{{baseurl}}/outgoing/1","host":["{{baseurl}}"],"path":["outgoing","1"]}},"response":[]},{"name":"READ exchange","id":"4140aa45-6cf7-43e9-90cf-938b97efd45f","protocolProfileBehavior":{"disableBodyPruning":true},"request":{"method":"GET","header":[],"url":{"raw":"{{baseurl}}/exchange","host":["{{baseurl}}"],"path":["exchange"]}},"response":[]},{"name":"create exchange","id":"aaf244e9-1892-4895-9cc0-1a16867d4358","protocolProfileBehavior":{"disableBodyPruning":true},"request":{"method":"POST","header":[],"body":{"mode":"raw","raw":"{\r\n    \"tquantity\":1, \r\n    \"pid\":1, \r\n    \"sending_wid\": 1, \r\n    \"receiving_wid\": 2, \r\n    \"sending_uid\": 23, \r\n    \"receiving_uid\": 3\r\n    }","options":{"raw":{"language":"json"}}},"url":{"raw":"{{baseurl}}/exchange","host":["{{baseurl}}"],"path":["exchange"]}},"response":[]},{"name":"READ exchange by Id","id":"d36e4bd2-8213-41df-962d-3ba0020e6c71","protocolProfileBehavior":{"disableBodyPruning":true},"request":{"method":"GET","header":[],"url":{"raw":"{{baseurl}}/exchange/1","host":["{{baseurl}}"],"path":["exchange","1"]}},"response":[]}]}