{"info":{"_postman_id":"3ed5a814-e95c-4b1a-850c-5f9e2474a308","name":"Warehouse","schema":"https://schema.getpostman.com/json/collection/v2.1.0/collection.json"},"item":[{"name":"DELETE warehouses","id":"1da4c9a7-c1d7-4974-a009-86dc8fb2e101","protocolProfileBehavior":{"disableBodyPruning":true},"request":{"method":"DELETE","header":[],"url":{"raw":"{{baseurl}}/warehouse/13","host":["{{baseurl}}"],"path":["warehouse","13"]}},"response":[]},{"name":"UPDATE Warehouse","id":"08e0669e-3028-4676-8d36-919b257effb5","protocolProfileBehavior":{"disableBodyPruning":true},"request":{"method":"PUT","header":[],"body":{"mode":"raw","raw":"{\r\n    \"wname\":\"update_test_ware\",\r\n    \"wcity\":\"Ponce\",\r\n    \"wemail\":\"lol@testupdate\",\r\n    \"wphone\":\"787-112-2211\",\r\n    \"budget\":500000\r\n}","options":{"raw":{"language":"json"}}},"url":{"raw":"{{baseurl}}/warehouse/12","host":["{{baseurl}}"],"path":["warehouse","12"]}},"response":[]},{"name":"CREATE Warehouse","id":"f767a7de-3545-4568-993a-02b84e1d961d","protocolProfileBehavior":{"disableBodyPruning":true},"request":{"method":"POST","header":[],"body":{"mode":"raw","raw":"{\r\n    \"wname\":\"to_delete_test\",\r\n    \"wcity\":\"test\",\r\n    \"wemail\":\"db@test\",\r\n    \"wphone\":\"787-0DB-TEST\",\r\n    \"budget\":50000\r\n}","options":{"raw":{"language":"json"}}},"url":{"raw":"{{baseurl}}/warehouse","host":["{{baseurl}}"],"path":["warehouse"]}},"response":[]},{"name":"READ Warehouse","id":"c05663a0-a2fa-4784-8255-2f42b11a80d1","protocolProfileBehavior":{"disableBodyPruning":true},"request":{"method":"GET","header":[],"url":{"raw":"{{baseurl}}/warehouse","host":["{{baseurl}}"],"path":["warehouse"]}},"response":[]},{"name":"READ Warehouse by id","id":"f3e3b0c1-8119-46e4-8aff-8e32d2fbc6da","protocolProfileBehavior":{"disableBodyPruning":true},"request":{"method":"GET","header":[],"url":{"raw":"{{baseurl}}/warehouse/1","host":["{{baseurl}}"],"path":["warehouse","1"]}},"response":[]}]}