{"info":{"_postman_id":"40673923-082d-4387-a499-ab68ef85e294","name":"Global Statistics","schema":"https://schema.getpostman.com/json/collection/v2.1.0/collection.json"},"item":[{"name":"Top 10 Warehouses with the most racks","id":"c313fe8e-4d43-4b52-a630-e2f9d45e244e","protocolProfileBehavior":{"disableBodyPruning":true},"request":{"method":"GET","header":[],"url":{"raw":"{{baseurl}}/most/rack","host":["{{baseurl}}"],"path":["most","rack"]}},"response":[]},{"name":"Top 5 Warehouses with the most incoming transactions","id":"fe5f2819-0fed-46de-a484-535237a3d6f5","protocolProfileBehavior":{"disableBodyPruning":true},"request":{"method":"GET","header":[],"url":{"raw":"{{baseurl}}/most/incoming","host":["{{baseurl}}"],"path":["most","incoming"]}},"response":[]},{"name":"Top 5 Warehouses that deliver the most exchanges","id":"9cb6f5b7-50ce-4698-b528-ecedc1b2b04d","protocolProfileBehavior":{"disableBodyPruning":true},"request":{"method":"GET","header":[],"url":{"raw":"{{baseurl}}/most/deliver","host":["{{baseurl}}"],"path":["most","deliver"]}},"response":[]},{"name":"Top 3 Users that made the most transactions","id":"d7c0f551-092e-451f-ae4a-e18dd5d01a74","protocolProfileBehavior":{"disableBodyPruning":true},"request":{"method":"GET","header":[],"url":{"raw":"{{baseurl}}/most/transactions","host":["{{baseurl}}"],"path":["most","transactions"]}},"response":[]},{"name":"Top 3 Warehouses with the least amount of outgoing transactions","id":"11770cf9-6d63-4a9e-8dc0-11ddfb7b1bd5","protocolProfileBehavior":{"disableBodyPruning":true},"request":{"method":"GET","header":[],"url":{"raw":"{{baseurl}}/least/outgoing","host":["{{baseurl}}"],"path":["least","outgoing"]}},"response":[]},{"name":"Top 3 Warehouses' cities with the most amount of transactions","id":"d5ae327e-9df8-453b-aa66-88d47f7d6cf8","protocolProfileBehavior":{"disableBodyPruning":true},"request":{"method":"GET","header":[],"url":{"raw":"{{baseurl}}/most/city","host":["{{baseurl}}"],"path":["most","city"]}},"response":[]}]}