{"info":{"_postman_id":"4b10184a-a363-452f-8180-29610432d0ae","name":"Racks","schema":"https://schema.getpostman.com/json/collection/v2.1.0/collection.json"},"item":[{"name":"get all racks","id":"d3a4b04a-1ce0-464b-8909-b630e02e4a07","protocolProfileBehavior":{"disableBodyPruning":true},"request":{"method":"GET","header":[],"url":{"raw":"{{baseurl}}/rack","host":["{{baseurl}}"],"path":["rack"]}},"response":[]},{"name":"CREATE Rack","id":"4dd81ee7-4e17-46b1-9972-d191e407c514","protocolProfileBehavior":{"disableBodyPruning":true},"request":{"method":"POST","header":[],"body":{"mode":"raw","raw":"{\r\n    \"capacity\":100,\r\n    \"wid\":12,\r\n    \"quantity\":15,\r\n    \"pid\":10\r\n}","options":{"raw":{"language":"json"}}},"url":{"raw":"{{baseurl}}/rack","host":["{{baseurl}}"],"path":["rack"]}},"response":[]},{"name":"get all by id","id":"b6d3e25d-1949-432d-bcc3-23da963f8d45","protocolProfileBehavior":{"disableBodyPruning":true},"request":{"method":"GET","header":[],"url":{"raw":"{{baseurl}}/rack/1","host":["{{baseurl}}"],"path":["rack","1"]}},"response":[]},{"name":"UPDATE rack","id":"c6cff221-6ec5-48b4-85ba-4a9f425864d4","protocolProfileBehavior":{"disableBodyPruning":true},"request":{"method":"PUT","header":[],"body":{"mode":"raw","raw":"{\r\n    \"capacity\":150,\r\n    \"wid\": 12,\r\n    \"quantity\":25,\r\n    \"pid\":10\r\n}","options":{"raw":{"language":"json"}}},"url":{"raw":"{{baseurl}}/rack/71","host":["{{baseurl}}"],"path":["rack","71"]}},"response":[]},{"name":"DELETE user","id":"63eaf02f-158a-49e0-9736-aee41b7e8c67","protocolProfileBehavior":{"disableBodyPruning":true},"request":{"method":"DELETE","header":[],"url":{"raw":"{{baseurl}}/rack/71","host":["{{baseurl}}"],"path":["rack","71"]}},"response":[]}]}