{"info":{"_postman_id":"66ddaa1a-2c89-41f0-be84-e3383fb9dca4","name":"Parts","schema":"https://schema.getpostman.com/json/collection/v2.1.0/collection.json"},"item":[{"name":"get all parts","id":"c4097e78-bd78-4ae6-9ead-e77c58434911","protocolProfileBehavior":{"disableBodyPruning":true},"request":{"method":"GET","header":[],"url":{"raw":"{{baseurl}}/part","host":["{{baseurl}}"],"path":["part"]}},"response":[]},{"name":"get part","id":"17a234d1-f87d-4dea-b91e-f881d43feda8","protocolProfileBehavior":{"disableBodyPruning":true},"request":{"method":"GET","header":[],"url":{"raw":"{{baseurl}}/part/2","host":["{{baseurl}}"],"path":["part","2"]}},"response":[]},{"name":"insert Part","id":"c6fcc226-db1d-46aa-bcb9-9c178c534b21","protocolProfileBehavior":{"disableBodyPruning":true},"request":{"method":"POST","header":[{"key":"Content-Type","value":"application/json","type":"text"}],"body":{"mode":"raw","raw":"{\r\n\"pprice\":100,\r\n\"ptype\":\"test_to_delete\",\r\n\"pname\":\"test_to_delete\"\r\n}"},"url":{"raw":"{{baseurl}}/part","host":["{{baseurl}}"],"path":["part"]}},"response":[]},{"name":"get part by price","id":"cc05a4bd-6626-41e2-aec4-0a53e14557a6","protocolProfileBehavior":{"disableBodyPruning":true},"request":{"method":"GET","header":[],"url":{"raw":"{{baseurl}}/part?pprice=10","host":["{{baseurl}}"],"path":["part"],"query":[{"key":"pprice","value":"10"}]}},"response":[]},{"name":"get part by type","id":"b05f715d-fc75-4b64-b152-dfed60ad4cab","protocolProfileBehavior":{"disableBodyPruning":true},"request":{"method":"GET","header":[],"url":{"raw":"{{baseurl}}/part?ptype=plastic","host":["{{baseurl}}"],"path":["part"],"query":[{"key":"ptype","value":"plastic"}]}},"response":[]},{"name":"delete part","id":"e4e4d9ca-8db2-4a12-bf0f-05f6ccb908e8","protocolProfileBehavior":{"disableBodyPruning":true},"request":{"method":"DELETE","header":[],"url":{"raw":"{{baseurl}}/part/12","host":["{{baseurl}}"],"path":["part","12"]}},"response":[]},{"name":"update part","id":"2af9bdd9-e4dd-4e57-9e19-70de68e04b3e","protocolProfileBehavior":{"disableBodyPruning":true},"request":{"method":"PUT","header":[{"key":"Content-Type","value":"application/json","type":"text"}],"body":{"mode":"raw","raw":"{\r\n\"pprice\":55,\r\n\"ptype\":\"Concrete\",\r\n\"pname\":\"Brick\"\r\n}"},"url":{"raw":"{{baseurl}}/part/10","host":["{{baseurl}}"],"path":["part","10"]}},"response":[]}]}