{"info":{"_postman_id":"76b3b2eb-f462-4219-8407-e18ba1ccef43","name":"User","schema":"https://schema.getpostman.com/json/collection/v2.1.0/collection.json"},"item":[{"name":"get all users","id":"54a6bdd6-95ee-409e-bf55-37d1ce695b71","protocolProfileBehavior":{"disableBodyPruning":true},"request":{"method":"GET","header":[],"url":{"raw":"{{baseurl}}/user","host":["{{baseurl}}"],"path":["user"]}},"response":[]},{"name":"get user","id":"85da7897-f430-41cb-a001-ab61f55e530c","protocolProfileBehavior":{"disableBodyPruning":true},"request":{"method":"GET","header":[],"url":{"raw":"{{baseurl}}/user/1","host":["{{baseurl}}"],"path":["user","1"]}},"response":[]},{"name":"CREATE user","id":"d70ee851-cb1a-4e01-956f-57998c85af33","protocolProfileBehavior":{"disableBodyPruning":true},"request":{"method":"POST","header":[],"body":{"mode":"raw","raw":"{\r\n    \"fname\": \"test_to_delete\",\r\n    \"lname\": \"Test\",\r\n    \"uemail\": \"db@test\",\r\n    \"uphone\":\"787-0DB-TEST\",\r\n    \"wid\": 12\r\n}","options":{"raw":{"language":"json"}}},"url":{"raw":"{{baseurl}}/user","host":["{{baseurl}}"],"path":["user"]}},"response":[]},{"name":"DELETE user","id":"953a8cb8-ac5c-464f-a8d1-a535ccb29c68","protocolProfileBehavior":{"disableBodyPruning":true},"request":{"method":"DELETE","header":[],"url":{"raw":"{{baseurl}}/user/26","host":["{{baseurl}}"],"path":["user","26"]}},"response":[]},{"name":"UPDATE user","id":"dcfb19f8-1f5d-4a48-b1ca-061fcfa8b849","protocolProfileBehavior":{"disableBodyPruning":true},"request":{"method":"PUT","header":[],"body":{"mode":"raw","raw":"{\r\n    \"fname\":\"Sebastian\", \r\n    \"lname\":\"Rodriguez\", \r\n    \"uemail\":\"db@test.com\", \r\n    \"uphone\":\"787-100-0123\", \r\n    \"wid\":2}","options":{"raw":{"language":"json"}}},"url":{"raw":"{{baseurl}}/user/24","host":["{{baseurl}}"],"path":["user","24"]}},"response":[]}]}