{"info":{"_postman_id":"7f295dfe-6e4c-4095-b907-c566f380e3f7","name":"API","schema":"https://schema.getpostman.com/json/collection/v2.1.0/collection.json"},"item":[{"name":"Supplier","item":[{"name":"CREATE","id":"4d2829ed-732b-41f2-9bea-1d874137e9d2","protocolProfileBehavior":{"disableBodyPruning":true},"request":{"method":"POST","header":[],"body":{"mode":"raw","raw":"{\r\n    \"sname\":\"Sebastian\",\r\n    \"scity\":\"Moca\",\r\n    \"sphone\":\"787-0DB-TEST\",\r\n    \"semail\":\"test@gmail.com\"\r\n}","options":{"raw":{"language":"json"}}},"url":{"raw":"{{baseurl}}/supplier","host":["{{baseurl}}"],"path":["supplier"]}},"response":[]},{"name":"UPDATE","id":"e21ad88f-5976-4c71-98fd-8286aa50b2bd","protocolProfileBehavior":{"disableBodyPruning":true},"request":{"method":"PUT","header":[],"body":{"mode":"raw","raw":"{\r\n    \"sname\": \"Sebastian-EDITED-AGAIN\",\r\n    \"scity\": \"Moca-EDITED\",\r\n    \"sphone\": \"787-0DB-TEST-EDITED\",\r\n    \"semail\":\"db@gmail.com\"\r\n}","options":{"raw":{"language":"json"}}},"url":{"raw":"{{baseurl}}/supplier/4","host":["{{baseurl}}"],"path":["supplier","4"]}},"response":[]},{"name":"DELETE","id":"8820f8c8-e568-46c1-8052-342478d9c721","protocolProfileBehavior":{"disableBodyPruning":true},"request":{"method":"DELETE","header":[],"url":{"raw":"{{baseurl}}/supplier/3","host":["{{baseurl}}"],"path":["supplier","3"]}},"response":[]},{"name":"READ_By_Id","id":"28c8f208-ea42-408e-baea-40faf9ef4a59","protocolProfileBehavior":{"disableBodyPruning":true},"request":{"method":"GET","header":[],"url":{"raw":"{{baseurl}}/supplier/1","host":["{{baseurl}}"],"path":["supplier","1"]}},"response":[]},{"name":"READ_ALL","id":"a7e24bea-40fb-4d7c-87af-bfac0428f673","protocolProfileBehavior":{"disableBodyPruning":true},"request":{"method":"GET","header":[],"url":{"raw":"{{baseurl}}/supplier","host":["{{baseurl}}"],"path":["supplier"]}},"response":[]}],"id":"7ed8633f-2123-4137-bac0-3dfa2c0c16c1"},{"name":"warehouse_leastcost","item":[{"name":"leastcost","id":"b239b605-7e30-48a4-9cdf-7324fe8763bb","protocolProfileBehavior":{"disableBodyPruning":true},"request":{"method":"POST","header":[],"body":{"mode":"raw","raw":"{\r\n    \"User_id\":2\r\n}","options":{"raw":{"language":"json"}}},"url":{"raw":"{{baseurl}}/warehouse/1/users/receivesmost","host":["{{baseurl}}"],"path":["warehouse","1","users","receivesmost"]}},"response":[]},{"name":"get_incoming","id":"b7c7802b-bd08-421c-850e-b8e4bf2032b1","protocolProfileBehavior":{"disableBodyPruning":true},"request":{"method":"GET","header":[],"url":{"raw":"{{baseurl}}/incoming","host":["{{baseurl}}"],"path":["incoming"]}},"response":[]},{"name":"exchange_test","id":"36bc5adc-1967-471e-8fa5-f980bae43f92","protocolProfileBehavior":{"disableBodyPruning":true},"request":{"method":"POST","header":[],"body":{"mode":"raw","raw":"{\r\n    \"tquantity\": 1,\r\n    \"ttotal\": 100,\r\n    \"pid\": 1,\r\n    \"sid\": 1,\r\n    \"outgoing_rid\": 50,\r\n    \"incoming_rid\": 51,\r\n    \"outgoing_uid\": 20,\r\n    \"incoming_uid\": 6,\r\n    \"outgoing_wid\": 8,\r\n    \"incoming_wid\": 1\r\n}","options":{"raw":{"language":"json"}}},"url":{"raw":"{{baseurl}}/exchange","host":["{{baseurl}}"],"path":["exchange"]}},"response":[]}],"id":"d628df00-657b-4304-9ac3-edd3701b0fd6"}]}