{"info":{"_postman_id":"bc25f3f4-2895-4e4d-aa8a-b88fc560828b","name":"Supplier","schema":"https://schema.getpostman.com/json/collection/v2.1.0/collection.json"},"item":[{"name":"READ_ALL","id":"e77d49a8-f444-4612-97a2-c0ee210e2fdb","protocolProfileBehavior":{"disableBodyPruning":true},"request":{"method":"GET","header":[],"url":{"raw":"{{baseurl}}/supplier","host":["{{baseurl}}"],"path":["supplier"]}},"response":[]},{"name":"READ_by_id","id":"6f8424c5-e506-4719-9d8e-45d532ac35dc","protocolProfileBehavior":{"disableBodyPruning":true},"request":{"method":"GET","header":[],"url":{"raw":"{{baseurl}}/supplier/1","host":["{{baseurl}}"],"path":["supplier","1"]}},"response":[]},{"name":"CREATE","id":"7f667756-369e-42b7-b6db-f47546bf6aa1","protocolProfileBehavior":{"disableBodyPruning":true},"request":{"method":"POST","header":[],"body":{"mode":"raw","raw":"{\r\n    \"sname\":\"Test Supplier\",\r\n    \"scity\":\"Florida\",\r\n    \"sphone\":\"787-0DB-TEST\",\r\n    \"semail\":\"test@gmail.com\"\r\n}","options":{"raw":{"language":"json"}}},"url":{"raw":"{{baseurl}}/supplier","host":["{{baseurl}}"],"path":["supplier"]}},"response":[]},{"name":"UPDATE","id":"d2c52692-1015-44db-ab61-565b0575aff3","protocolProfileBehavior":{"disableBodyPruning":true},"request":{"method":"PUT","header":[],"body":{"mode":"raw","raw":"{\r\n    \"sname\": \"Post-edited-test\",\r\n    \"scity\": \"Florida-edited\",\r\n    \"sphone\": \"787-0DB-TEST-EDITED\",\r\n    \"semail\":\"db@gmail.com\"\r\n}","options":{"raw":{"language":"json"}}},"url":{"raw":"{{baseurl}}/supplier/5","host":["{{baseurl}}"],"path":["supplier","5"]}},"response":[]},{"name":"DELETE","id":"95fa2fc9-8256-40f5-aa71-d44224516274","protocolProfileBehavior":{"disableBodyPruning":true},"request":{"method":"DELETE","header":[],"url":{"raw":"{{baseurl}}/supplier/5","host":["{{baseurl}}"],"path":["supplier","5"]}},"response":[]},{"name":"associate part with supplier","id":"42f4b835-724c-49d0-9202-09c797f010a3","protocolProfileBehavior":{"disableBodyPruning":true},"request":{"method":"POST","header":[{"key":"Content-Type","value":"application/json","type":"text"}],"body":{"mode":"raw","raw":"{\r\n    \"stock\":10,\r\n    \"pid\":8\r\n}"},"url":{"raw":"{{baseurl}}/supplier/13/parts","host":["{{baseurl}}"],"path":["supplier","13","parts"]}},"response":[]},{"name":"update supplier part stock","id":"17506425-20d7-42a4-bfc4-23926139a491","protocolProfileBehavior":{"disableBodyPruning":true},"request":{"method":"PUT","header":[{"key":"Content-Type","value":"application/json","type":"text"}],"body":{"mode":"raw","raw":"{\r\n    \"stock\":1000,\r\n    \"pid\": 1\r\n}"},"url":{"raw":"{{baseurl}}/supplier/1/parts","host":["{{baseurl}}"],"path":["supplier","1","parts"]}},"response":[]}]}