{"info":{"_postman_id":"cd44d7c3-4359-4375-ae16-4f0c00b42087","name":"Parts","schema":"https://schema.getpostman.com/json/collection/v2.1.0/collection.json"},"item":[{"name":"get all parts","id":"83e13da6-bcb7-422c-944a-43adc24da607","protocolProfileBehavior":{"disableBodyPruning":true},"request":{"method":"GET","header":[],"url":{"raw":"http://localhost:5000/parts","protocol":"http","host":["localhost"],"port":"5000","path":["parts"]}},"response":[]},{"name":"get part","id":"dca3b78a-48f5-4cf8-8ca3-7c9efd2867a8","protocolProfileBehavior":{"disableBodyPruning":true},"request":{"method":"GET","header":[],"url":{"raw":"http://localhost:5000/parts/2","protocol":"http","host":["localhost"],"port":"5000","path":["parts","2"]}},"response":[]},{"name":"insert Part","id":"3c98fcd2-8b89-40c3-b587-b5195c700415","protocolProfileBehavior":{"disableBodyPruning":true},"request":{"method":"POST","header":[{"key":"Content-Type","value":"application/json","type":"text"}],"body":{"mode":"raw","raw":"{\r\n\"pprice\":11,\r\n\"ptype\":\"wood\"\r\n}"},"url":{"raw":"http://localhost:5000/parts","protocol":"http","host":["localhost"],"port":"5000","path":["parts"]}},"response":[]},{"name":"get part by price","id":"35e63e02-0cdc-4e4d-a223-73e2e422662b","protocolProfileBehavior":{"disableBodyPruning":true},"request":{"method":"GET","header":[],"url":{"raw":"http://localhost:5000/parts?pprice=80","protocol":"http","host":["localhost"],"port":"5000","path":["parts"],"query":[{"key":"pprice","value":"80"}]}},"response":[]},{"name":"get part by type","id":"167d6fee-7747-4cc0-a805-2eed8fa4bfb1","protocolProfileBehavior":{"disableBodyPruning":true},"request":{"method":"GET","header":[],"url":{"raw":"http://localhost:5000/parts?ptype=plastic","protocol":"http","host":["localhost"],"port":"5000","path":["parts"],"query":[{"key":"ptype","value":"plastic"}]}},"response":[]},{"name":"delete part","id":"5adb1037-de82-460b-af4d-cafe977b751a","protocolProfileBehavior":{"disableBodyPruning":true},"request":{"method":"DELETE","header":[],"url":{"raw":"http://localhost:5000/parts/1","protocol":"http","host":["localhost"],"port":"5000","path":["parts","1"]}},"response":[]},{"name":"update part","id":"e4a68ec5-3ca6-4cb4-a3ee-80888b5cca60","protocolProfileBehavior":{"disableBodyPruning":true},"request":{"method":"PUT","header":[{"key":"Content-Type","value":"application/json","type":"text"}],"body":{"mode":"raw","raw":"{\r\n\"pprice\":11,\r\n\"ptype\":\"semi-conductor\"\r\n}"},"url":{"raw":"http://localhost:5000/parts/2","protocol":"http","host":["localhost"],"port":"5000","path":["parts","2"]}},"response":[]}]}