{"info":{"_postman_id":"fc13e33b-8edc-4144-ad6f-199c9b5f2a5f","name":"warehouse_parts","schema":"https://schema.getpostman.com/json/collection/v2.1.0/collection.json"},"item":[{"name":"get_warehouse_parts","id":"c2514ab9-daa5-4992-bc17-64c7df05d752","protocolProfileBehavior":{"disableBodyPruning":true},"request":{"method":"POST","header":[],"body":{"mode":"raw","raw":"{\r\n    \"User_id\":24\r\n}","options":{"raw":{"language":"json"}}},"url":{"raw":"{{baseurl}}/warehouse/parts/10","host":["{{baseurl}}"],"path":["warehouse","parts","10"]}},"response":[]}]}